source,target,x1
0,4.12,1
0,4.41,2
0,4.42,3
0,4.69,4
0,4.76,6
0,4.73,12
0,4.41,24
0,4.22,36
0,3.99,60
0,3.96,84
0,3.88,120
0,4.14,240
0,3.97,360
1,4.04,1
1,4.39,2
1,4.45,3
1,4.66,4
1,4.73,6
1,4.71,12
1,4.34,24
1,4.16,36
1,3.94,60
1,3.91,84
1,3.83,120
1,4.09,240
1,3.92,360
2,3.86,1
2,4.33,2
2,4.46,3
2,4.66,4
2,4.75,6
2,4.71,12
2,4.31,24
2,4.18,36
2,3.97,60
2,3.97,84
2,3.88,120
2,4.13,240
2,3.98,360
3,3.87,1
3,4.32,2
3,4.46,3
3,4.66,4
3,4.76,6
3,4.75,12
3,4.32,24
3,4.17,36
3,3.94,60
3,3.93,84
3,3.84,120
3,4.1,240
3,3.93,360
4,3.8,1
4,4.2,2
4,4.34,3
4,4.59,4
4,4.67,6
4,4.66,12
4,4.31,24
4,4.09,36
4,3.86,60
4,3.83,84
4,3.75,120
4,3.99,240
4,3.82,360
5,3.8,1
5,4.2,2
5,4.35,3
5,4.57,4
5,4.66,6
5,4.64,12
5,4.24,24
5,4.02,36
5,3.79,60
5,3.77,84
5,3.67,120
5,3.91,240
5,3.73,360
6,3.9,1
6,4.23,2
6,4.33,3
6,4.57,4
6,4.67,6
6,4.6,12
6,4.21,24
6,4,36
6,3.78,60
6,3.77,84
6,3.68,120
6,3.93,240
6,3.74,360
7,3.89,1
7,4.23,2
7,4.35,3
7,4.55,4
7,4.7,6
7,4.64,12
7,4.25,24
7,4.03,36
7,3.79,60
7,3.78,84
7,3.69,120
7,3.94,240
7,3.74,360
8,3.95,1
8,4.24,2
8,4.37,3
8,4.57,4
8,4.71,6
8,4.64,12
8,4.25,24
8,3.99,36
8,3.7,60
8,3.67,84
8,3.57,120
8,3.82,240
8,3.62,360
9,3.94,1
9,4.22,2
9,4.31,3
9,4.54,4
9,4.68,6
9,4.61,12
9,4.17,24
9,3.91,36
9,3.61,60
9,3.58,84
9,3.48,120
9,3.73,240
9,3.53,360
10,3.95,1
10,4.24,2
10,4.34,3
10,4.56,4
10,4.7,6
10,4.65,12
10,4.23,24
10,3.96,36
10,3.62,60
10,3.56,84
10,3.44,120
10,3.69,240
10,3.48,360
11,3.91,1
11,4.14,2
11,4.33,3
11,4.58,4
11,4.68,6
11,4.64,12
11,4.23,24
11,3.94,36
11,3.64,60
11,3.59,84
11,3.49,120
11,3.74,240
11,3.52,360
12,3.89,1
12,4.16,2
12,4.35,3
12,4.58,4
12,4.7,6
12,4.64,12
12,4.22,24
12,3.96,36
12,3.66,60
12,3.6,84
12,3.51,120
12,3.74,240
12,3.53,360
13,3.86,1
13,4.18,2
13,4.38,3
13,4.6,4
13,4.78,6
13,4.75,12
13,4.39,24
13,4.1,36
13,3.8,60
13,3.73,84
13,3.61,120
13,3.84,240
13,3.57,360
14,3.81,1
14,4.13,2
14,4.31,3
14,4.54,4
14,4.72,6
14,4.72,12
14,4.33,24
14,4.07,36
14,3.75,60
14,3.69,84
14,3.57,120
14,3.82,240
14,3.56,360
15,3.75,1
15,4.11,2
15,4.28,3
15,4.53,4
15,4.71,6
15,4.71,12
15,4.31,24
15,4.04,36
15,3.71,60
15,3.63,84
15,3.48,120
15,3.71,240
15,3.44,360
16,3.79,1
16,4.1,2
16,4.29,3
16,4.53,4
16,4.72,6
16,4.67,12
16,4.26,24
16,3.97,36
16,3.62,60
16,3.54,84
16,3.42,120
16,3.66,240
16,3.42,360
17,3.87,1
17,4.19,2
17,4.37,3
17,4.54,4
17,4.74,6
17,4.73,12
17,4.34,24
17,4.07,36
17,3.73,60
17,3.64,84
17,3.51,120
17,3.77,240
17,3.52,360
18,3.93,1
18,4.25,2
18,4.36,3
18,4.56,4
18,4.73,6
18,4.77,12
18,4.41,24
18,4.13,36
18,3.8,60
18,3.72,84
18,3.6,120
18,3.84,240
18,3.62,360
19,3.91,1
19,4.25,2
19,4.34,3
19,4.52,4
19,4.65,6
19,4.69,12
19,4.28,24
19,3.99,36
19,3.67,60
19,3.61,84
19,3.51,120
19,3.79,240
19,3.56,360
20,4.04,1
20,4.24,2
20,4.33,3
20,4.52,4
20,4.65,6
20,4.66,12
20,4.25,24
20,3.98,36
20,3.68,60
20,3.62,84
20,3.53,120
20,3.85,240
20,3.64,360
21,4.07,1
21,4.25,2
21,4.37,3
21,4.55,4
21,4.7,6
21,4.74,12
21,4.38,24
21,4.13,36
21,3.82,60
21,3.76,84
21,3.68,120
21,4,240
21,3.8,360
22,4.08,1
22,4.26,2
22,4.38,3
22,4.51,4
22,4.72,6
22,4.78,12
22,4.48,24
22,4.24,36
22,3.92,60
22,3.85,84
22,3.75,120
22,4.02,240
22,3.81,360
23,4.11,1
23,4.29,2
23,4.41,3
23,4.52,4
23,4.72,6
23,4.76,12
23,4.46,24
23,4.22,36
23,3.88,60
23,3.8,84
23,3.69,120
23,3.97,240
23,3.74,360
24,4.16,1
24,4.33,2
24,4.41,3
24,4.52,4
24,4.67,6
24,4.76,12
24,4.42,24
24,4.2,36
24,3.85,60
24,3.78,84
24,3.68,120
24,3.97,240
24,3.74,360
25,4.12,1
25,4.29,2
25,4.4,3
25,4.5,4
25,4.67,6
25,4.75,12
25,4.46,24
25,4.23,36
25,3.88,60
25,3.81,84
25,3.71,120
25,3.97,240
25,3.74,360
26,3.97,1
26,4.26,2
26,4.4,3
26,4.49,4
26,4.68,6
26,4.79,12
26,4.47,24
26,4.27,36
26,3.93,60
26,3.86,84
26,3.76,120
26,4.05,240
26,3.83,360
27,3.97,1
27,4.24,2
27,4.41,3
27,4.47,4
27,4.65,6
27,4.75,12
27,4.48,24
27,4.32,36
27,3.97,60
27,3.94,84
27,3.83,120
27,4.14,240
27,3.91,360
28,3.93,1
28,4.23,2
28,4.34,3
28,4.46,4
28,4.61,6
28,4.74,12
28,4.51,24
28,4.28,36
28,3.99,60
28,3.92,84
28,3.82,120
28,4.13,240
28,3.92,360
29,3.93,1
29,4.2,2
29,4.32,3
29,4.44,4
29,4.57,6
29,4.68,12
29,4.43,24
29,4.22,36
29,3.93,60
29,3.87,84
29,3.77,120
29,4.1,240
29,3.89,360
30,3.81,1
30,4.15,2
30,4.32,3
30,4.43,4
30,4.54,6
30,4.62,12
30,4.35,24
30,4.13,36
30,3.83,60
30,3.77,84
30,3.67,120
30,4.03,240
30,3.85,360
31,3.77,1
31,4.1,2
31,4.31,3
31,4.4,4
31,4.54,6
31,4.6,12
31,4.37,24
31,4.17,36
31,3.93,60
31,3.88,84
31,3.8,120
31,4.2,240
31,3.98,360
32,3.72,1
32,4.05,2
32,4.34,3
32,4.38,4
32,4.55,6
32,4.63,12
32,4.4,24
32,4.24,36
32,4,60
32,3.95,84
32,3.88,120
32,4.28,240
32,4.07,360
33,3.71,1
33,4,2
33,4.28,3
33,4.36,4
33,4.52,6
33,4.59,12
33,4.34,24
33,4.17,36
33,3.95,60
33,3.89,84
33,3.82,120
33,4.24,240
33,4.03,360
34,3.65,1
34,4.05,2
34,4.29,3
34,4.4,4
34,4.59,6
34,4.75,12
34,4.61,24
34,4.49,36
34,4.27,60
34,4.2,84
34,4.12,120
34,4.5,240
34,4.31,360
35,3.66,1
35,4.04,2
35,4.28,3
35,4.39,4
35,4.6,6
35,4.77,12
35,4.67,24
35,4.55,36
35,4.31,60
35,4.22,84
35,4.14,120
35,4.47,240
35,4.28,360
36,3.78,1
36,4.04,2
36,4.29,3
36,4.39,4
36,4.62,6
36,4.8,12
36,4.72,24
36,4.63,36
36,4.39,60
36,4.31,84
36,4.22,120
36,4.55,240
36,4.34,360
37,3.73,1
37,4,2
37,4.21,3
37,4.36,4
37,4.55,6
37,4.76,12
37,4.66,24
37,4.58,36
37,4.33,60
37,4.26,84
37,4.17,120
37,4.49,240
37,4.27,360
38,3.75,1
38,4.04,2
38,4.25,3
38,4.38,4
38,4.57,6
38,4.78,12
38,4.71,24
38,4.63,36
38,4.36,60
38,4.26,84
38,4.14,120
38,4.42,240
38,4.18,360
39,3.7,1
39,4.01,2
39,4.22,3
39,4.38,4
39,4.57,6
39,4.76,12
39,4.61,24
39,4.54,36
39,4.3,60
39,4.2,84
39,4.1,120
39,4.41,240
39,4.15,360
40,3.72,1
40,4,2
40,4.23,3
40,4.35,4
40,4.58,6
40,4.75,12
40,4.54,24
40,4.48,36
40,4.27,60
40,4.18,84
40,4.07,120
40,4.37,240
40,4.14,360
41,3.73,1
41,4,2
41,4.22,3
41,4.33,4
41,4.57,6
41,4.66,12
41,4.51,24
41,4.45,36
41,4.27,60
41,4.18,84
41,4.1,120
41,4.44,240
41,4.22,360
42,3.75,1
42,3.95,2
42,4.18,3
42,4.3,4
42,4.51,6
42,4.55,12
42,4.41,24
42,4.38,36
42,4.19,60
42,4.1,84
42,4.02,120
42,4.38,240
42,4.15,360
43,3.76,1
43,3.95,2
43,4.13,3
43,4.27,4
43,4.44,6
43,4.5,12
43,4.3,24
43,4.29,36
43,4.09,60
43,4.01,84
43,3.96,120
43,4.32,240
43,4.12,360
44,3.54,1
44,3.85,2
44,4.11,3
44,4.27,4
44,4.47,6
44,4.54,12
44,4.39,24
44,4.41,36
44,4.2,60
44,4.12,84
44,4.04,120
44,4.38,240
44,4.19,360
45,3.56,1
45,3.81,2
45,4.14,3
45,4.32,4
45,4.5,6
45,4.6,12
45,4.42,24
45,4.45,36
45,4.25,60
45,4.17,84
45,4.1,120
45,4.45,240
45,4.26,360
46,3.57,1
46,3.83,2
46,4.16,3
46,4.33,4
46,4.52,6
46,4.61,12
46,4.5,24
46,4.52,36
46,4.36,60
46,4.31,84
46,4.25,120
46,4.59,240
46,4.4,360
47,3.55,1
47,3.78,2
47,4.09,3
47,4.31,4
47,4.43,6
47,4.58,12
47,4.49,24
47,4.52,36
47,4.34,60
47,4.28,84
47,4.21,120
47,4.54,240
47,4.33,360
48,3.58,1
48,3.83,2
48,4.09,3
48,4.33,4
48,4.48,6
48,4.66,12
48,4.62,24
48,4.66,36
48,4.45,60
48,4.36,84
48,4.24,120
48,4.47,240
48,4.24,360
49,3.31,1
49,3.72,2
49,4.07,3
49,4.32,4
49,4.45,6
49,4.6,12
49,4.55,24
49,4.56,36
49,4.35,60
49,4.26,84
49,4.14,120
49,4.38,240
49,4.15,360
50,3.25,1
50,3.7,2
50,4.04,3
50,4.39,6
50,4.5,12
50,4.43,24
50,4.43,36
50,4.21,60
50,4.12,84
50,4.01,120
50,4.27,240
50,4.04,360
51,3.3,1
51,3.66,2
51,3.97,3
51,4.38,6
51,4.5,12
51,4.45,24
51,4.45,36
51,4.24,60
51,4.15,84
51,4.02,120
51,4.29,240
51,4.04,360
52,3.3,1
52,3.61,2
52,3.81,3
52,4.31,6
52,4.5,12
52,4.48,24
52,4.47,36
52,4.25,60
52,4.15,84
52,4,120
52,4.26,240
52,3.99,360
53,3.35,1
53,3.6,2
53,3.79,3
53,4.3,6
53,4.46,12
53,4.47,24
53,4.44,36
53,4.21,60
53,4.11,84
53,3.97,120
53,4.25,240
53,3.97,360
54,3.07,1
54,3.45,2
54,3.7,3
54,4.16,6
54,4.28,12
54,4.28,24
54,4.29,36
54,4.12,60
54,4.03,84
54,3.91,120
54,4.18,240
54,3.9,360
55,3.07,1
55,3.43,2
55,3.67,3
55,4.17,6
55,4.28,12
55,4.3,24
55,4.31,36
55,4.14,60
55,4.06,84
55,3.93,120
55,4.19,240
55,3.92,360
56,3.03,1
56,3.34,2
56,3.45,3
56,4.09,6
56,4.24,12
56,4.3,24
56,4.33,36
56,4.14,60
56,4.03,84
56,3.89,120
56,4.13,240
56,3.86,360
57,3.05,1
57,3.34,2
57,3.46,3
57,4.04,6
57,4.19,12
57,4.23,24
57,4.24,36
57,4.05,60
57,3.95,84
57,3.83,120
57,4.08,240
57,3.81,360
58,2.89,1
58,3.22,2
58,3.46,3
58,4,6
58,4.14,12
58,4.15,24
58,4.17,36
58,3.96,60
58,3.87,84
58,3.76,120
58,4.05,240
58,3.78,360
59,2.91,1
59,3.23,2
59,3.45,3
59,3.98,6
59,4.15,12
59,4.1,24
59,4.08,36
59,3.84,60
59,3.73,84
59,3.62,120
59,3.95,240
59,3.7,360
60,2.87,1
60,3.26,2
60,3.46,3
60,3.97,6
60,4.01,12
60,4.12,24
60,4.12,36
60,3.9,60
60,3.79,84
60,3.67,120
60,4,240
60,3.73,360
61,2.79,1
61,3.2,2
61,3.33,3
61,3.92,6
61,4.05,12
61,4.22,24
61,4.25,36
61,4.06,60
61,3.97,84
61,3.83,120
61,4.08,240
61,3.79,360
62,2.78,1
62,3.2,2
62,3.36,3
62,3.87,6
62,3.98,12
62,4.16,24
62,4.19,36
62,3.98,60
62,3.89,84
62,3.76,120
62,4,240
62,3.71,360
63,2.63,1
63,3.14,2
63,3.4,3
63,3.87,6
63,3.99,12
63,4.07,24
63,4.12,36
63,3.92,60
63,3.83,84
63,3.72,120
63,3.98,240
63,3.7,360
64,2.71,1
64,3.14,2
64,3.35,3
64,3.91,6
64,4.16,12
64,4.3,24
64,4.39,36
64,4.21,60
64,4.14,84
64,3.97,120
64,4.15,240
64,3.87,360
65,2.73,1
65,3.14,2
65,3.39,3
65,3.95,6
65,4.17,12
65,4.27,24
65,4.37,36
65,4.15,60
65,4.06,84
65,3.88,120
65,4.01,240
65,3.72,360
66,2.67,1
66,3.07,2
66,3.24,3
66,3.85,6
66,4.15,12
66,4.2,24
66,4.21,36
66,3.96,60
66,3.85,84
66,3.69,120
66,3.87,240
66,3.61,360
67,2.73,1
67,3.09,2
67,3.29,3
67,3.87,6
67,4.08,12
67,4.11,24
67,4.12,36
67,3.91,60
67,3.84,84
67,3.7,120
67,3.9,240
67,3.65,360
68,2.59,1
68,3.06,2
68,3.31,3
68,3.86,6
68,4.08,12
68,4.02,24
68,3.98,36
68,3.74,60
68,3.65,84
68,3.51,120
68,3.73,240
68,3.5,360
69,2.57,1
69,3.05,2
69,3.35,3
69,3.86,6
69,4.03,12
69,3.96,24
69,3.94,36
69,3.75,60
69,3.69,84
69,3.57,120
69,3.83,240
69,3.59,360
70,2.62,1
70,3.02,2
70,3.37,3
70,3.87,6
70,4.05,12
70,3.95,24
70,3.9,36
70,3.69,60
70,3.62,84
70,3.49,120
70,3.77,240
70,3.52,360
71,2.68,1
71,3.01,2
71,3.2,3
71,3.77,6
71,3.96,12
71,3.85,24
71,3.81,36
71,3.62,60
71,3.56,84
71,3.45,120
71,3.79,240
71,3.52,360
72,2.76,1
72,3.03,2
72,3.22,3
72,3.78,6
72,4,12
72,3.87,24
72,3.85,36
72,3.66,60
72,3.59,84
72,3.45,120
72,3.75,240
72,3.48,360
73,2.54,1
73,2.95,2
73,3.24,3
73,3.76,6
73,3.95,12
73,3.78,24
73,3.79,36
73,3.6,60
73,3.52,84
73,3.41,120
73,3.73,240
73,3.47,360
74,2.55,1
74,2.95,2
74,3.28,3
74,3.75,6
74,3.92,12
74,3.75,24
74,3.75,36
74,3.58,60
74,3.53,84
74,3.42,120
74,3.75,240
74,3.51,360
75,2.62,1
75,2.93,2
75,3.17,3
75,3.56,6
75,3.7,12
75,3.58,24
75,3.6,36
75,3.47,60
75,3.45,84
75,3.37,120
75,3.76,240
75,3.53,360
76,2.57,1
76,2.88,2
76,3.08,3
76,3.52,6
76,3.67,12
76,3.56,24
76,3.61,36
76,3.45,60
76,3.42,84
76,3.33,120
76,3.71,240
76,3.47,360
77,2.57,1
77,2.86,2
77,3.06,3
77,3.44,6
77,3.6,12
77,3.48,24
77,3.54,36
77,3.39,60
77,3.37,84
77,3.29,120
77,3.69,240
77,3.45,360
78,2.3,1
78,2.8,2
78,3.07,3
78,3.42,6
78,3.6,12
78,3.45,24
78,3.5,36
78,3.37,60
78,3.35,84
78,3.27,120
78,3.67,240
78,3.42,360
79,2.44,1
79,2.82,2
79,3.04,3
79,3.4,6
79,3.61,12
79,3.5,24
79,3.55,36
79,3.43,60
79,3.41,84
79,3.33,120
79,3.74,240
79,3.49,360
80,2.49,1
80,2.79,2
80,2.94,3
80,3.33,6
80,3.47,12
80,3.4,24
80,3.44,36
80,3.3,60
80,3.29,84
80,3.2,120
80,3.61,240
80,3.35,360
81,2.53,1
81,2.8,2
81,2.97,3
81,3.34,6
81,3.51,12
81,3.51,24
81,3.54,36
81,3.39,60
81,3.36,84
81,3.26,120
81,3.64,240
81,3.37,360
82,2.4,1
82,2.72,2
82,2.96,3
82,3.32,6
82,3.5,12
82,3.45,24
82,3.46,36
82,3.3,60
82,3.25,84
82,3.15,120
82,3.53,240
82,3.27,360
83,2.43,1
83,2.73,2
83,2.97,3
83,3.31,6
83,3.48,12
83,3.46,24
83,3.47,36
83,3.27,60
83,3.22,84
83,3.11,120
83,3.49,240
83,3.23,360
84,2.45,1
84,2.75,2
84,2.97,3
84,3.32,6
84,3.43,12
84,3.42,24
84,3.45,36
84,3.27,60
84,3.21,84
84,3.12,120
84,3.5,240
84,3.25,360
85,2.39,1
85,2.69,2
85,2.89,3
85,3.26,6
85,3.36,12
85,3.37,24
85,3.4,36
85,3.2,60
85,3.14,84
85,3.04,120
85,3.44,240
85,3.21,360
86,2.42,1
86,2.7,2
86,2.88,3
86,3.25,6
86,3.33,12
86,3.35,24
86,3.37,36
86,3.15,60
86,3.11,84
86,3.03,120
86,3.47,240
86,3.25,360
87,2.29,1
87,2.62,2
87,2.82,3
87,3.28,6
87,3.35,12
87,3.36,24
87,3.4,36
87,3.2,60
87,3.2,84
87,3.11,120
87,3.55,240
87,3.32,360
88,2.28,1
88,2.6,2
88,2.8,3
88,3.21,6
88,3.29,12
88,3.29,24
88,3.35,36
88,3.18,60
88,3.14,84
88,3.05,120
88,3.49,240
88,3.26,360
89,2.27,1
89,2.6,2
89,2.82,3
89,3.23,6
89,3.32,12
89,3.32,24
89,3.36,36
89,3.17,60
89,3.12,84
89,3.03,120
89,3.48,240
89,3.24,360
90,2.23,1
90,2.6,2
90,2.74,3
90,3.16,6
90,3.26,12
90,3.25,24
90,3.28,36
90,3.11,60
90,3.06,84
90,2.98,120
90,3.44,240
90,3.22,360
91,2.23,1
91,2.56,2
91,2.71,3
91,3.12,6
91,3.24,12
91,3.22,24
91,3.23,36
91,3.02,60
91,2.97,84
91,2.88,120
91,3.35,240
91,3.14,360
92,2.22,1
92,2.51,2
92,2.68,3
92,3.15,6
92,3.27,12
92,3.28,24
92,3.27,36
92,3.04,60
92,2.99,84
92,2.89,120
92,3.37,240
92,3.15,360
93,2.26,1
93,2.51,2
93,2.7,3
93,3.12,6
93,3.26,12
93,3.25,24
93,3.19,36
93,2.95,60
93,2.9,84
93,2.82,120
93,3.31,240
93,3.11,360
94,2.27,1
94,2.53,2
94,2.72,3
94,3.13,6
94,3.23,12
94,3.2,24
94,3.14,36
94,2.91,60
94,2.86,84
94,2.79,120
94,3.31,240
94,3.1,360
95,2.23,1
95,2.5,2
95,2.63,3
95,3.13,6
95,3.26,12
95,3.25,24
95,3.18,36
95,2.97,60
95,2.92,84
95,2.84,120
95,3.34,240
95,3.12,360
96,2.24,1
96,2.51,2
96,2.62,3
96,3.08,6
96,3.25,12
96,3.23,24
96,3.16,36
96,2.98,60
96,2.94,84
96,2.87,120
96,3.38,240
96,3.15,360
97,2.24,1
97,2.43,2
97,2.65,3
97,3.13,6
97,3.26,12
97,3.23,24
97,3.13,36
97,2.93,60
97,2.86,84
97,2.78,120
97,3.27,240
97,3.04,360
98,2.23,1
98,2.43,2
98,2.67,3
98,3.16,6
98,3.33,12
98,3.28,24
98,3.2,36
98,2.97,60
98,2.89,84
98,2.8,120
98,3.24,240
98,3.01,360
99,2.23,1
99,2.43,2
99,2.65,3
99,3.15,6
99,3.3,12
99,3.21,24
99,3.14,36
99,2.91,60
99,2.85,84
99,2.77,120
99,3.22,240
99,3,360
100,2.21,1
100,2.39,2
100,2.58,3
100,3.1,6
100,3.29,12
100,3.24,24
100,3.18,36
100,2.97,60
100,2.91,84
100,2.83,120
100,3.27,240
100,3.06,360
101,2.19,1
101,2.36,2
101,2.5,3
101,2.98,6
101,3.11,12
101,3.03,24
101,2.95,36
101,2.76,60
101,2.73,84
101,2.68,120
101,3.15,240
101,2.97,360
102,2.2,1
102,2.29,2
102,2.52,3
102,3,6
102,3.14,12
102,3.1,24
102,3.04,36
102,2.86,60
102,2.81,84
102,2.73,120
102,3.17,240
102,2.96,360
103,2.22,1
103,2.33,2
103,2.56,3
103,3,6
103,3.09,12
103,3.06,24
103,3.02,36
103,2.85,60
103,2.82,84
103,2.75,120
103,3.22,240
103,3,360
104,2.22,1
104,2.33,2
104,2.56,3
104,2.96,6
104,2.98,12
104,2.9,24
104,2.82,36
104,2.66,60
104,2.64,84
104,2.6,120
104,3.12,240
104,2.92,360
105,2.22,1
105,2.28,2
105,2.41,3
105,2.91,6
105,2.98,12
105,2.89,24
105,2.83,36
105,2.7,60
105,2.7,84
105,2.67,120
105,3.2,240
105,3,360
106,2.2,1
106,2.3,2
106,2.42,3
106,2.9,6
106,2.93,12
106,2.85,24
106,2.81,36
106,2.69,60
106,2.69,84
106,2.68,120
106,3.23,240
106,3.02,360
107,2.14,1
107,2.3,2
107,2.44,3
107,2.93,6
107,3,12
107,2.96,24
107,2.93,36
107,2.82,60
107,2.83,84
107,2.78,120
107,3.26,240
107,3.03,360
108,2.17,1
108,2.35,2
108,2.55,3
108,3.01,6
108,3.06,12
108,3.02,24
108,3.01,36
108,2.89,60
108,2.88,84
108,2.81,120
108,3.27,240
108,3.03,360
109,2.14,1
109,2.31,2
109,2.62,3
109,3.06,6
109,3.07,12
109,3,24
109,2.98,36
109,2.89,60
109,2.89,84
109,2.81,120
109,3.28,240
109,3.04,360
110,2.15,1
110,2.29,2
110,2.49,3
110,2.97,6
110,3.01,12
110,2.98,24
110,2.93,36
110,2.87,60
110,2.85,84
110,2.77,120
110,3.23,240
110,3,360
111,2.15,1
111,2.3,2
111,2.48,3
111,3,6
111,3.11,12
111,3.1,24
111,3.07,36
111,3,60
111,2.99,84
111,2.91,120
111,3.33,240
111,3.08,360
112,1.92,1
112,2.29,2
112,2.51,3
112,3.04,6
112,3.18,12
112,3.25,24
112,3.25,36
112,3.18,60
112,3.15,84
112,3.04,120
112,3.43,240
112,3.17,360
113,1.93,1
113,2.29,2
113,2.52,3
113,3.06,6
113,3.18,12
113,3.23,24
113,3.22,36
113,3.14,60
113,3.11,84
113,3.01,120
113,3.42,240
113,3.17,360
114,1.96,1
114,2.28,2
114,2.5,3
114,3.02,6
114,3.13,12
114,3.15,24
114,3.15,36
114,3.06,60
114,3.05,84
114,2.96,120
114,3.39,240
114,3.14,360
115,1.98,1
115,2.26,2
115,2.37,3
115,2.94,6
115,3.12,12
115,3.13,24
115,3.14,36
115,3.05,60
115,3.03,84
115,2.93,120
115,3.34,240
115,3.1,360
116,1.99,1
116,2.32,2
116,2.4,3
116,2.93,6
116,3.16,12
116,3.15,24
116,3.16,36
116,3.06,60
116,3.05,84
116,2.96,120
116,3.36,240
116,3.11,360
117,1.78,1
117,2.2,2
117,2.39,3
117,2.96,6
117,3.21,12
117,3.13,24
117,3.14,36
117,3.02,60
117,3,84
117,2.91,120
117,3.35,240
117,3.08,360
118,1.63,1
118,2.01,2
118,2.22,3
118,2.78,6
118,3.07,12
118,3.03,24
118,3.07,36
118,3.01,60
118,3.01,84
118,2.96,120
118,3.37,240
118,3.13,360
119,1.58,1
119,1.95,2
119,2.18,3
119,2.79,6
119,2.97,12
119,3.07,24
119,3.09,36
119,3.05,60
119,3.06,84
119,2.99,120
119,3.43,240
119,3.18,360
120,1.57,1
120,1.92,2
120,1.98,3
120,2.68,6
120,2.96,12
120,3.12,24
120,3.14,36
120,3.13,60
120,3.16,84
120,3.09,120
120,3.53,240
120,3.27,360
121,1.55,1
121,1.9,2
121,1.95,3
121,2.64,6
121,2.87,12
121,3.03,24
121,3.05,36
121,3.05,60
121,3.07,84
121,3.01,120
121,3.45,240
121,3.2,360
122,1.36,1
122,1.7,2
122,1.9,3
122,2.62,6
122,2.82,12
122,2.97,24
122,2.99,36
122,2.96,60
122,2.99,84
122,2.93,120
122,3.42,240
122,3.14,360
123,1.33,1
123,1.71,2
123,1.9,3
123,2.59,6
123,2.77,12
123,2.82,24
123,2.82,36
123,2.82,60
123,2.87,84
123,2.82,120
123,3.31,240
123,3.05,360
124,1.27,1
124,1.68,2
124,1.73,3
124,2.52,6
124,2.79,12
124,2.84,24
124,2.85,36
124,2.88,60
124,2.92,84
124,2.88,120
124,3.35,240
124,3.11,360
125,1.28,1
125,1.68,2
125,1.72,3
125,2.51,6
125,2.8,12
125,2.92,24
125,2.99,36
125,3.01,60
125,3.04,84
125,2.98,120
125,3.38,240
125,3.14,360
126,1.12,1
126,1.53,2
126,1.78,3
126,2.55,6
126,2.88,12
126,3.06,24
126,3.13,36
126,3.15,60
126,3.17,84
126,3.1,120
126,3.46,240
126,3.22,360
127,1.12,1
127,1.59,2
127,1.79,3
127,2.55,6
127,2.88,12
127,3.1,24
127,3.21,36
127,3.25,60
127,3.27,84
127,3.2,120
127,3.55,240
127,3.3,360
128,1.16,1
128,1.57,2
128,1.79,3
128,2.56,6
128,2.89,12
128,3.08,24
128,3.21,36
128,3.24,60
128,3.27,84
128,3.2,120
128,3.56,240
128,3.31,360
129,1.19,1
129,1.6,2
129,1.73,3
129,2.51,6
129,2.83,12
129,3.04,24
129,3.13,36
129,3.18,60
129,3.19,84
129,3.13,120
129,3.51,240
129,3.26,360
130,1.12,1
130,1.54,2
130,1.65,3
130,2.44,6
130,2.78,12
130,3.01,24
130,3.12,36
130,3.14,60
130,3.16,84
130,3.09,120
130,3.45,240
130,3.21,360
131,0.98,1
131,1.42,2
131,1.61,3
131,2.4,6
131,2.79,12
131,3.06,24
131,3.2,36
131,3.22,60
131,3.24,84
131,3.16,120
131,3.49,240
131,3.25,360
132,1.08,1
132,1.48,2
132,1.7,3
132,2.46,6
132,2.92,12
132,3.21,24
132,3.35,36
132,3.38,60
132,3.39,84
132,3.31,120
132,3.63,240
132,3.39,360
133,1.15,1
133,1.5,2
133,1.63,3
133,2.25,6
133,2.86,12
133,3.17,24
133,3.35,36
133,3.34,60
133,3.34,84
133,3.25,120
133,3.55,240
133,3.3,360
134,1.19,1
134,1.47,2
134,1.59,3
134,2.24,6
134,2.88,12
134,3.14,24
134,3.33,36
134,3.35,60
134,3.36,84
134,3.28,120
134,3.59,240
134,3.35,360
135,1.21,1
135,1.56,2
135,1.74,3
135,2.32,6
135,2.93,12
135,3.2,24
135,3.35,36
135,3.38,60
135,3.39,84
135,3.33,120
135,3.64,240
135,3.39,360
136,1.19,1
136,1.55,2
136,1.83,3
136,2.43,6
136,3.15,12
136,3.45,24
136,3.6,36
136,3.61,60
136,3.6,84
136,3.49,120
136,3.72,240
136,3.45,360
137,1.13,1
137,1.45,2
137,1.73,3
137,2.25,6
137,2.89,12
137,3.4,24
137,3.56,36
137,3.56,60
137,3.53,84
137,3.43,120
137,3.68,240
137,3.42,360
138,1.1,1
138,1.25,2
138,1.39,3
138,1.98,6
138,2.58,12
138,3.06,24
138,3.21,36
138,3.25,60
138,3.24,84
138,3.15,120
138,3.45,240
138,3.2,360
139,1.05,1
139,1.17,2
139,1.3,3
139,1.81,6
139,2.35,12
139,2.83,24
139,2.99,36
139,3.07,60
139,3.08,84
139,3.04,120
139,3.4,240
139,3.18,360
140,0.89,1
140,1.1,2
140,1.28,3
140,1.77,6
140,2.29,12
140,2.78,24
140,2.94,36
140,3.03,60
140,3.06,84
140,3.03,120
140,3.4,240
140,3.18,360
141,0.87,1
141,1.08,2
141,1.26,3
141,1.75,6
141,2.26,12
141,2.75,24
141,2.91,36
141,2.99,60
141,3.02,84
141,2.98,120
141,3.35,240
141,3.13,360
142,0.88,1
142,1.07,2
142,1.26,3
142,1.74,6
142,2.23,12
142,2.73,24
142,2.94,36
142,3.03,60
142,3.07,84
142,3.04,120
142,3.41,240
142,3.19,360
143,0.87,1
143,1.05,2
143,1.21,3
143,1.68,6
143,2.18,12
143,2.66,24
143,2.87,36
143,2.95,60
143,2.99,84
143,2.96,120
143,3.33,240
143,3.11,360
144,0.85,1
144,1.05,2
144,1.17,3
144,1.64,6
144,2.15,12
144,2.65,24
144,2.83,36
144,2.92,60
144,2.95,84
144,2.92,120
144,3.3,240
144,3.09,360
145,0.77,1
145,0.9,2
145,1.15,3
145,1.63,6
145,2.16,12
145,2.66,24
145,2.84,36
145,2.94,60
145,2.98,84
145,2.94,120
145,3.31,240
145,3.09,360
146,0.73,1
146,0.89,2
146,1.16,3
146,1.64,6
146,2.08,12
146,2.53,24
146,2.71,36
146,2.81,60
146,2.87,84
146,2.85,120
146,3.28,240
146,3.07,360
147,0.69,1
147,0.91,2
147,1.08,3
147,1.54,6
147,2.01,12
147,2.47,24
147,2.64,36
147,2.71,60
147,2.76,84
147,2.74,120
147,3.16,240
147,2.97,360
148,0.71,1
148,0.9,2
148,1.07,3
148,1.52,6
148,1.99,12
148,2.46,24
148,2.63,36
148,2.7,60
148,2.75,84
148,2.75,120
148,3.18,240
148,2.99,360
149,0.58,1
149,0.88,2
149,1.06,3
149,1.52,6
149,2.01,12
149,2.48,24
149,2.63,36
149,2.71,60
149,2.76,84
149,2.75,120
149,3.14,240
149,2.97,360
150,0.55,1
150,0.88,2
150,1.06,3
150,1.53,6
150,2.02,12
150,2.5,24
150,2.66,36
150,2.76,60
150,2.8,84
150,2.76,120
150,3.16,240
150,2.98,360
151,0.55,1
151,0.9,2
151,1.07,3
151,1.57,6
151,2.09,12
151,2.65,24
151,2.8,36
151,2.88,60
151,2.9,84
151,2.86,120
151,3.26,240
151,3.08,360
152,0.63,1
152,0.87,2
152,1.03,3
152,1.51,6
152,2.07,12
152,2.6,24
152,2.73,36
152,2.8,60
152,2.82,84
152,2.78,120
152,3.17,240
152,2.99,360
153,0.65,1
153,0.91,2
153,1.05,3
153,1.52,6
153,2.11,12
153,2.63,24
153,2.78,36
153,2.84,60
153,2.87,84
153,2.84,120
153,3.24,240
153,3.05,360
154,0.56,1
154,0.85,2
154,1.03,3
154,1.56,6
154,2.16,12
154,2.68,24
154,2.84,36
154,2.89,60
154,2.91,84
154,2.89,120
154,3.24,240
154,3.07,360
155,0.61,1
155,0.85,2
155,1.06,3
155,1.57,6
155,2.16,12
155,2.71,24
155,2.89,36
155,2.96,60
155,3,84
155,2.98,120
155,3.36,240
155,3.17,360
156,0.64,1
156,0.85,2
156,1.07,3
156,1.54,6
156,2.07,12
156,2.58,24
156,2.75,36
156,2.83,60
156,2.89,84
156,2.88,120
156,3.3,240
156,3.09,360
157,0.67,1
157,0.79,2
157,1.03,3
157,1.47,6
157,2.04,12
157,2.61,24
157,2.79,36
157,2.89,60
157,2.95,84
157,2.93,120
157,3.32,240
157,3.1,360
158,0.61,1
158,0.77,2
158,0.96,3
158,1.44,6
158,1.96,12
158,2.56,24
158,2.73,36
158,2.81,60
158,2.86,84
158,2.84,120
158,3.22,240
158,3,360
159,0.59,1
159,0.77,2
159,0.91,3
159,1.43,6
159,1.99,12
159,2.66,24
159,2.81,36
159,2.89,60
159,2.94,84
159,2.91,120
159,3.25,240
159,3.05,360
160,0.57,1
160,0.75,2
160,0.89,3
160,1.44,6
160,2.01,12
160,2.62,24
160,2.81,36
160,2.91,60
160,2.99,84
160,2.99,120
160,3.31,240
160,3.12,360
161,0.51,1
161,0.73,2
161,0.92,3
161,1.43,6
161,1.99,12
161,2.61,24
161,2.81,36
161,2.95,60
161,3.04,84
161,3.05,120
161,3.38,240
161,3.19,360
162,0.48,1
162,0.72,2
162,0.85,3
162,1.41,6
162,2.08,12
162,2.72,24
162,2.94,36
162,3.06,60
162,3.13,84
162,3.12,120
162,3.43,240
162,3.23,360
163,0.49,1
163,0.71,2
163,0.85,3
163,1.37,6
163,2.08,12
163,2.71,24
163,2.91,36
163,3.01,60
163,3.07,84
163,3.05,120
163,3.35,240
163,3.15,360
164,0.49,1
164,0.74,2
164,0.89,3
164,1.44,6
164,2.07,12
164,2.66,24
164,2.85,36
164,2.93,60
164,2.97,84
164,2.93,120
164,3.21,240
164,3.01,360
165,0.48,1
165,0.77,2
165,0.91,3
165,1.45,6
165,2.16,12
165,2.78,24
165,2.95,36
165,3.01,60
165,3.03,84
165,2.97,120
165,3.21,240
165,3.03,360
166,0.41,1
166,0.71,2
166,0.9,3
166,1.49,6
166,2.1,12
166,2.73,24
166,2.93,36
166,3.01,60
166,3.04,84
166,2.99,120
166,3.26,240
166,3.07,360
167,0.37,1
167,0.73,2
167,0.85,3
167,1.41,6
167,2.1,12
167,2.7,24
167,2.87,36
167,2.92,60
167,2.94,84
167,2.89,120
167,3.14,240
167,2.96,360
168,0.37,1
168,0.71,2
168,0.82,3
168,1.38,6
168,2.04,12
168,2.63,24
168,2.8,36
168,2.86,60
168,2.88,84
168,2.85,120
168,3.1,240
168,2.92,360
169,0.37,1
169,0.63,2
169,0.82,3
169,1.39,6
169,1.97,12
169,2.58,24
169,2.75,36
169,2.81,60
169,2.84,84
169,2.82,120
169,3.08,240
169,2.91,360
170,0.38,1
170,0.61,2
170,0.83,3
170,1.4,6
170,1.99,12
170,2.54,24
170,2.72,36
170,2.79,60
170,2.8,84
170,2.77,120
170,3.03,240
170,2.86,360
171,0.4,1
171,0.61,2
171,0.91,3
171,1.42,6
171,2.03,12
171,2.63,24
171,2.79,36
171,2.84,60
171,2.85,84
171,2.81,120
171,3.06,240
171,2.88,360
172,0.46,1
172,0.64,2
172,0.83,3
172,1.34,6
172,2.06,12
172,2.72,24
172,2.88,36
172,2.94,60
172,2.95,84
172,2.9,120
172,3.14,240
172,2.95,360
173,0.5,1
173,0.65,2
173,0.83,3
173,1.32,6
173,2.01,12
173,2.68,24
173,2.87,36
173,2.96,60
173,2.96,84
173,2.9,120
173,3.12,240
173,2.94,360
174,0.35,1
174,0.56,2
174,0.82,3
174,1.29,6
174,1.93,12
174,2.6,24
174,2.79,36
174,2.87,60
174,2.88,84
174,2.85,120
174,3.08,240
174,2.9,360
175,0.37,1
175,0.58,2
175,0.81,3
175,1.28,6
175,1.94,12
175,2.61,24
175,2.81,36
175,2.91,60
175,2.95,84
175,2.93,120
175,3.19,240
175,3.01,360
176,0.38,1
176,0.6,2
176,0.81,3
176,1.27,6
176,1.84,12
176,2.46,24
176,2.68,36
176,2.79,60
176,2.85,84
176,2.85,120
176,3.12,240
176,2.95,360
177,0.37,1
177,0.57,2
177,0.79,3
177,1.25,6
177,1.84,12
177,2.47,24
177,2.67,36
177,2.79,60
177,2.84,84
177,2.83,120
177,3.09,240
177,2.92,360
178,0.26,1
178,0.52,2
178,0.75,3
178,1.2,6
178,1.78,12
178,2.37,24
178,2.57,36
178,2.66,60
178,2.71,84
178,2.7,120
178,2.97,240
178,2.81,360
179,0.21,1
179,0.52,2
179,0.74,3
179,1.2,6
179,1.77,12
179,2.39,24
179,2.58,36
179,2.66,60
179,2.73,84
179,2.72,120
179,2.99,240
179,2.82,360
180,0.22,1
180,0.54,2
180,0.77,3
180,1.23,6
180,1.85,12
180,2.5,24
180,2.73,36
180,2.79,60
180,2.84,84
180,2.79,120
180,3.02,240
180,2.84,360
181,0.2,1
181,0.49,2
181,0.7,3
181,1.19,6
181,1.81,12
181,2.53,24
181,2.73,36
181,2.76,60
181,2.79,84
181,2.72,120
181,2.94,240
181,2.76,360
182,0.21,1
182,0.5,2
182,0.68,3
182,1.15,6
182,1.78,12
182,2.47,24
182,2.66,36
182,2.7,60
182,2.73,84
182,2.66,120
182,2.87,240
182,2.69,360
183,0.21,1
183,0.44,2
183,0.67,3
183,1.15,6
183,1.79,12
183,2.5,24
183,2.67,36
183,2.7,60
183,2.69,84
183,2.61,120
183,2.81,240
183,2.63,360
184,0.18,1
184,0.42,2
184,0.65,3
184,1.13,6
184,1.77,12
184,2.51,24
184,2.69,36
184,2.69,60
184,2.65,84
184,2.54,120
184,2.74,240
184,2.57,360
185,0.18,1
185,0.42,2
185,0.66,3
185,1.14,6
185,1.72,12
185,2.43,24
185,2.61,36
185,2.56,60
185,2.52,84
185,2.42,120
185,2.64,240
185,2.48,360
186,0.15,1
186,0.37,2
186,0.53,3
186,1.09,6
186,1.72,12
186,2.44,24
186,2.61,36
186,2.55,60
186,2.5,84
186,2.39,120
186,2.6,240
186,2.44,360
187,0.17,1
187,0.35,2
187,0.52,3
187,1.06,6
187,1.63,12
187,2.28,24
187,2.45,36
187,2.42,60
187,2.4,84
187,2.32,120
187,2.59,240
187,2.44,360
188,0.16,1
188,0.33,2
188,0.55,3
188,1.04,6
188,1.64,12
188,2.31,24
188,2.49,36
188,2.44,60
188,2.43,84
188,2.35,120
188,2.63,240
188,2.48,360
189,0.18,1
189,0.34,2
189,0.55,3
189,1.06,6
189,1.67,12
189,2.35,24
189,2.54,36
189,2.49,60
189,2.5,84
189,2.41,120
189,2.68,240
189,2.53,360
190,0.19,1
190,0.36,2
190,0.59,3
190,1.08,6
190,1.69,12
190,2.35,24
190,2.55,36
190,2.54,60
190,2.55,84
190,2.46,120
190,2.72,240
190,2.57,360
191,0.17,1
191,0.32,2
191,0.55,3
191,1.01,6
191,1.67,12
191,2.3,24
191,2.51,36
191,2.55,60
191,2.56,84
191,2.48,120
191,2.74,240
191,2.6,360
192,0.16,1
192,0.31,2
192,0.52,3
192,0.96,6
192,1.55,12
192,2.13,24
192,2.35,36
192,2.37,60
192,2.39,84
192,2.34,120
192,2.63,240
192,2.51,360
193,0.15,1
193,0.27,2
193,0.5,3
193,0.93,6
193,1.52,12
193,2.13,24
193,2.32,36
193,2.34,60
193,2.37,84
193,2.32,120
193,2.65,240
193,2.52,360
194,0.2,1
194,0.3,2
194,0.51,3
194,0.96,6
194,1.59,12
194,2.18,24
194,2.38,36
194,2.39,60
194,2.42,84
194,2.38,120
194,2.71,240
194,2.6,360
195,0.22,1
195,0.33,2
195,0.54,3
195,0.95,6
195,1.4,12
195,2.14,24
195,2.34,36
195,2.33,60
195,2.36,84
195,2.32,120
195,2.67,240
195,2.55,360
196,0.19,1
196,0.28,2
196,0.42,3
196,0.83,6
196,1.29,12
196,1.97,24
196,2.15,36
196,2.14,60
196,2.17,84
196,2.14,120
196,2.53,240
196,2.42,360
197,0.2,1
197,0.3,2
197,0.4,3
197,0.81,6
197,1.3,12
197,1.94,24
197,2.14,36
197,2.17,60
197,2.22,84
197,2.2,120
197,2.6,240
197,2.5,360
198,0.24,1
198,0.3,2
198,0.44,3
198,0.86,6
198,1.35,12
198,1.95,24
198,2.14,36
198,2.18,60
198,2.22,84
198,2.19,120
198,2.56,240
198,2.46,360
199,0.22,1
199,0.31,2
199,0.46,3
199,0.86,6
199,1.28,12
199,1.85,24
199,2.04,36
199,2.1,60
199,2.16,84
199,2.15,120
199,2.57,240
199,2.49,360
200,0.23,1
200,0.32,2
200,0.45,3
200,0.86,6
200,1.28,12
200,1.87,24
200,2.04,36
200,2.1,60
200,2.16,84
200,2.14,120
200,2.56,240
200,2.47,360
201,0.17,1
201,0.28,2
201,0.4,3
201,0.78,6
201,1.22,12
201,1.75,24
201,1.91,36
201,1.96,60
201,2.01,84
201,2,120
201,2.45,240
201,2.36,360
202,0.19,1
202,0.28,2
202,0.39,3
202,0.75,6
202,1.19,12
202,1.72,24
202,1.88,36
202,1.92,60
202,1.98,84
202,1.98,120
202,2.45,240
202,2.38,360
203,0.18,1
203,0.26,2
203,0.38,3
203,0.75,6
203,1.15,12
203,1.68,24
203,1.83,36
203,1.87,60
203,1.92,84
203,1.94,120
203,2.38,240
203,2.29,360
204,0.16,1
204,0.24,2
204,0.36,3
204,0.72,6
204,1.12,12
204,1.63,24
204,1.78,36
204,1.8,60
204,1.85,84
204,1.86,120
204,2.34,240
204,2.24,360
205,0.17,1
205,0.23,2
205,0.38,3
205,0.75,6
205,1.07,12
205,1.55,24
205,1.68,36
205,1.71,60
205,1.77,84
205,1.78,120
205,2.29,240
205,2.19,360
206,0.15,1
206,0.21,2
206,0.34,3
206,0.69,6
206,1.05,12
206,1.5,24
206,1.62,36
206,1.65,60
206,1.7,84
206,1.74,120
206,2.23,240
206,2.16,360
207,0.19,1
207,0.25,2
207,0.38,3
207,0.69,6
207,1.08,12
207,1.53,24
207,1.69,36
207,1.74,60
207,1.82,84
207,1.86,120
207,2.32,240
207,2.24,360
208,0.13,1
208,0.24,2
208,0.34,3
208,0.68,6
208,1.06,12
208,1.5,24
208,1.67,36
208,1.74,60
208,1.83,84
208,1.86,120
208,2.32,240
208,2.24,360
209,0.11,1
209,0.21,2
209,0.32,3
209,0.6,6
209,0.91,12
209,1.31,24
209,1.47,36
209,1.56,60
209,1.67,84
209,1.72,120
209,2.19,240
209,2.11,360
210,0.06,1
210,0.2,2
210,0.35,3
210,0.69,6
210,1.01,12
210,1.44,24
210,1.62,36
210,1.71,60
210,1.81,84
210,1.83,120
210,2.25,240
210,2.17,360
211,0.03,1
211,0.2,2
211,0.33,3
211,0.71,6
211,1.13,12
211,1.55,24
211,1.76,36
211,1.86,60
211,1.96,84
211,1.97,120
211,2.37,240
211,2.29,360
212,0.05,1
212,0.18,2
212,0.32,3
212,0.65,6
212,1.08,12
212,1.54,24
212,1.73,36
212,1.84,60
212,1.94,84
212,1.96,120
212,2.36,240
212,2.28,360
213,0.02,1
213,0.2,2
213,0.34,3
213,0.74,6
213,1.16,12
213,1.58,24
213,1.78,36
213,1.89,60
213,1.98,84
213,1.99,120
213,2.36,240
213,2.29,360
214,0.03,1
214,0.2,2
214,0.37,3
214,0.73,6
214,1.17,12
214,1.56,24
214,1.74,36
214,1.85,60
214,1.93,84
214,1.94,120
214,2.31,240
214,2.24,360
215,0.03,1
215,0.19,2
215,0.35,3
215,0.65,6
215,1.03,12
215,1.47,24
215,1.68,36
215,1.82,60
215,1.9,84
215,1.92,120
215,2.3,240
215,2.24,360
216,0.06,1
216,0.23,2
216,0.36,3
216,0.65,6
216,1.05,12
216,1.49,24
216,1.7,36
216,1.85,60
216,1.94,84
216,1.97,120
216,2.35,240
216,2.31,360
217,0.03,1
217,0.17,2
217,0.38,3
217,0.67,6
217,1.09,12
217,1.52,24
217,1.75,36
217,1.9,60
217,2,84
217,2.03,120
217,2.39,240
217,2.34,360
218,0.02,1
218,0.19,2
218,0.4,3
218,0.72,6
218,1.11,12
218,1.58,24
218,1.8,36
218,1.94,60
218,2.03,84
218,2.05,120
218,2.42,240
218,2.37,360
219,0.03,1
219,0.25,2
219,0.43,3
219,0.76,6
219,1.13,12
219,1.58,24
219,1.8,36
219,1.9,60
219,1.98,84
219,1.98,120
219,2.35,240
219,2.29,360
220,0.03,1
220,0.22,2
220,0.36,3
220,0.71,6
220,1.07,12
220,1.5,24
220,1.71,36
220,1.84,60
220,1.92,84
220,1.92,120
220,2.3,240
220,2.24,360
221,0.05,1
221,0.31,2
221,0.4,3
221,0.74,6
221,1.14,12
221,1.61,24
221,1.82,36
221,1.96,60
221,2.03,84
221,2.03,120
221,2.37,240
221,2.3,360
222,0.04,1
222,0.15,2
222,0.26,3
222,0.57,6
222,0.91,12
222,1.36,24
222,1.61,36
222,1.82,60
222,1.92,84
222,1.94,120
222,2.31,240
222,2.25,360
223,0.03,1
223,0.14,2
223,0.25,3
223,0.59,6
223,0.91,12
223,1.35,24
223,1.59,36
223,1.81,60
223,1.93,84
223,1.96,120
223,2.31,240
223,2.25,360
224,0.03,1
224,0.14,2
224,0.27,3
224,0.58,6
224,0.88,12
224,1.3,24
224,1.54,36
224,1.76,60
224,1.88,84
224,1.92,120
224,2.28,240
224,2.22,360
225,0.05,1
225,0.12,2
225,0.23,3
225,0.56,6
225,0.89,12
225,1.31,24
225,1.55,36
225,1.78,60
225,1.9,84
225,1.93,120
225,2.29,240
225,2.23,360
226,0.03,1
226,0.15,2
226,0.2,3
226,0.48,6
226,0.78,12
226,1.19,24
226,1.42,36
226,1.66,60
226,1.78,84
226,1.82,120
226,2.2,240
226,2.14,360
227,0.04,1
227,0.1,2
227,0.19,3
227,0.45,6
227,0.76,12
227,1.16,24
227,1.38,36
227,1.6,60
227,1.74,84
227,1.78,120
227,2.17,240
227,2.11,360
228,0.04,1
228,0.1,2
228,0.19,3
228,0.48,6
228,0.78,12
228,1.18,24
228,1.39,36
228,1.63,60
228,1.76,84
228,1.81,120
228,2.19,240
228,2.12,360
229,0.03,1
229,0.13,2
229,0.22,3
229,0.49,6
229,0.78,12
229,1.18,24
229,1.39,36
229,1.62,60
229,1.75,84
229,1.79,120
229,2.17,240
229,2.11,360
230,0.04,1
230,0.1,2
230,0.19,3
230,0.43,6
230,0.75,12
230,1.15,24
230,1.38,36
230,1.61,60
230,1.74,84
230,1.78,120
230,2.14,240
230,2.07,360
231,0.04,1
231,0.14,2
231,0.2,3
231,0.43,6
231,0.75,12
231,1.18,24
231,1.43,36
231,1.66,60
231,1.78,84
231,1.81,120
231,2.17,240
231,2.09,360
232,0.06,1
232,0.11,2
232,0.19,3
232,0.4,6
232,0.7,12
232,1.13,24
232,1.39,36
232,1.66,60
232,1.81,84
232,1.85,120
232,2.22,240
232,2.16,360
233,0.05,1
233,0.09,2
233,0.19,3
233,0.39,6
233,0.65,12
233,1.02,24
233,1.28,36
233,1.56,60
233,1.73,84
233,1.78,120
233,2.18,240
233,2.12,360
234,0.05,1
234,0.09,2
234,0.19,3
234,0.39,6
234,0.58,12
234,0.99,24
234,1.25,36
234,1.53,60
234,1.69,84
234,1.75,120
234,2.15,240
234,2.1,360
235,0.05,1
235,0.08,2
235,0.17,3
235,0.35,6
235,0.58,12
235,1.01,24
235,1.28,36
235,1.54,60
235,1.7,84
235,1.75,120
235,2.13,240
235,2.07,360
236,0.05,1
236,0.09,2
236,0.17,3
236,0.36,6
236,0.6,12
236,1.08,24
236,1.34,36
236,1.62,60
236,1.77,84
236,1.83,120
236,2.19,240
236,2.14,360
237,0.05,1
237,0.06,2
237,0.17,3
237,0.36,6
237,0.57,12
237,1.04,24
237,1.33,36
237,1.62,60
237,1.78,84
237,1.83,120
237,2.2,240
237,2.14,360
238,0.05,1
238,0.06,2
238,0.16,3
238,0.37,6
238,0.58,12
238,1.06,24
238,1.35,36
238,1.65,60
238,1.82,84
238,1.87,120
238,2.24,240
238,2.18,360
239,0.05,1
239,0.05,2
239,0.13,3
239,0.3,6
239,0.51,12
239,0.99,24
239,1.26,36
239,1.55,60
239,1.72,84
239,1.78,120
239,2.18,240
239,2.12,360
240,0.05,1
240,0.05,2
240,0.12,3
240,0.28,6
240,0.47,12
240,0.91,24
240,1.18,36
240,1.47,60
240,1.64,84
240,1.7,120
240,2.1,240
240,2.05,360
241,0.04,1
241,0.06,2
241,0.12,3
241,0.27,6
241,0.48,12
241,0.92,24
241,1.21,36
241,1.5,60
241,1.67,84
241,1.74,120
241,2.13,240
241,2.08,360
242,0.04,1
242,0.05,2
242,0.11,3
242,0.28,6
242,0.46,12
242,0.9,24
242,1.22,36
242,1.51,60
242,1.69,84
242,1.75,120
242,2.13,240
242,2.08,360
243,0.05,1
243,0.06,2
243,0.13,3
243,0.28,6
243,0.46,12
243,0.92,24
243,1.21,36
243,1.53,60
243,1.71,84
243,1.78,120
243,2.15,240
243,2.11,360
244,0.05,1
244,0.05,2
244,0.1,3
244,0.24,6
244,0.43,12
244,0.87,24
244,1.17,36
244,1.5,60
244,1.69,84
244,1.76,120
244,2.15,240
244,2.11,360
245,0.04,1
245,0.05,2
245,0.1,3
245,0.23,6
245,0.45,12
245,0.88,24
245,1.15,36
245,1.47,60
245,1.66,84
245,1.73,120
245,2.12,240
245,2.09,360
246,0.05,1
246,0.06,2
246,0.09,3
246,0.22,6
246,0.41,12
246,0.83,24
246,1.1,36
246,1.43,60
246,1.62,84
246,1.71,120
246,2.12,240
246,2.09,360
247,0.06,1
247,0.05,2
247,0.08,3
247,0.22,6
247,0.38,12
247,0.77,24
247,1.02,36
247,1.37,60
247,1.57,84
247,1.66,120
247,2.1,240
247,2.07,360
248,0.05,1
248,0.06,2
248,0.08,3
248,0.22,6
248,0.4,12
248,0.78,24
248,1.04,36
248,1.37,60
248,1.55,84
248,1.63,120
248,2.05,240
248,2.01,360
