0,1,2,level,y
1.0,1.6,2.5,0,2.14433752
0.5,1.7,1.7,0,0.05443943999999981
2.5,0.4,2.9,0,3.5517610799999995
0.3,1.8,1.1,0,-1.20803508
0.9,1.5,1.3,0,-0.90061152
3.0,3.0,1.0,0,-4.0515288
3.0,2.3,2.7,0,5.431149560000001
1.7,1.5,0.5,0,-3.7608153600000005
0.7,2.1,2.8,0,3.1492865599999993
2.1,2.4,1.3,0,-1.6886466
2.5,1.0,0.6,0,-3.763391800000001
0.7,0.6,1.9,0,0.2921687599999998
0.7,1.9,2.5,0,2.1443375199999997
1.3,0.3,1.7,0,0.03959231999999986
2.2,0.6,1.7,0,0.06928655999999976
2.7,0.4,1.7,0,0.07671011999999973
2.5,2.8,0.2,0,-7.81885044
1.3,1.7,1.9,0,0.6742355999999996
1.6,0.7,2.1,0,0.9769139600000001
2.7,2.9,1.0,0,-3.78142688
1.7,1.4,0.1,0,-4.8832898799999995
0.6,0.6,1.2,0,-0.5703057600000001
2.6,2.3,0.4,0,-6.24874852
0.5,1.3,1.3,0,-0.67545864
0.7,2.6,0.1,0,-5.198340839999999
2.7,2.7,2.7,0,5.533624080000001
0.1,1.7,2.6,0,1.66454136
1.6,2.2,0.3,0,-5.22596824
2.6,0.8,0.2,0,-5.015866320000001
0.9,2.7,1.9,0,0.8090827199999996
0.8,2.5,2.6,0,3.05165916
1.2,0.1,2.6,0,1.2021687600000002
2.9,1.5,1.6,0,-0.3311211199999998
0.8,0.6,1.2,0,-0.6653567200000001
1.9,0.8,2.2,0,1.4168120400000004
0.1,0.5,0.3,0,-0.82515288
1.9,0.1,2.6,0,1.8494904
2.8,1.8,1.7,0,0.11382791999999958
0.4,0.2,2.0,0,0.19484712
0.2,2.8,0.2,0,-4.4257644
2.3,0.1,0.3,0,-3.30061152
2.3,1.1,3.0,0,4.50413368
2.6,1.8,0.4,0,-5.61112112
0.2,0.2,1.6,0,-0.030101919999999983
0.2,1.8,0.2,0,-2.9505096
1.2,1.2,1.4,0,-0.6606115200000003
2.3,2.2,2.4,0,3.2613533999999995
0.6,0.5,2.3,0,0.6872197199999998
3.0,1.8,1.0,0,-3.24122304
3.0,1.2,1.8,0,0.52392984
2.9,0.4,0.7,0,-3.21834084
1.5,2.9,2.5,0,3.6288788800000003
0.2,1.0,0.2,0,-1.77030576
2.9,1.7,1.2,0,-2.1861720800000004
3.0,1.4,2.6,0,4.068878880000001
2.5,0.4,1.1,0,-1.6682389199999998
1.0,0.5,2.9,0,1.8371177999999997
1.7,0.3,1.0,0,-1.3505096
0.1,2.5,1.5,0,-0.45566248000000015
0.2,1.5,0.2,0,-2.50793316
0.5,2.3,2.7,0,2.8692865600000004
2.5,3.0,2.2,0,2.886098600000001
0.1,0.4,2.2,0,0.26237260000000007
0.8,0.1,2.5,0,0.74227068
2.2,0.4,1.3,0,-0.97566248
1.1,3.0,2.4,0,2.971455319999999
1.2,0.8,0.6,0,-2.1505096000000004
1.3,1.3,0.4,0,-3.31566248
0.3,1.9,2.7,0,2.25443944
1.7,1.6,2.6,0,3.05165916
1.9,1.9,1.5,0,-0.6659682400000001
2.3,0.7,0.4,0,-3.8257643999999997
2.7,1.3,0.6,0,-4.301019200000001
1.3,0.2,0.6,0,-1.6128822000000003
2.3,1.1,1.5,0,-0.5958663200000002
1.1,1.8,0.5,0,-3.4082389200000005
0.4,2.3,0.6,0,-2.9031879600000003
1.2,2.0,0.4,0,-4.08081536
0.3,0.8,1.2,0,-0.5227802800000001
0.1,2.7,0.6,0,-3.010713440000001
0.5,1.2,0.2,0,-2.50793316
2.7,2.2,1.7,0,0.12125147999999958
1.4,1.4,1.6,0,-0.21071343999999986
1.1,2.4,0.3,0,-4.8133918
1.6,2.5,1.2,0,-1.9485446800000001
2.8,2.9,1.8,0,0.7110476399999999
2.0,1.9,1.4,0,-1.0734937200000005
2.4,1.9,2.7,0,4.406404360000001
1.7,2.2,2.8,0,4.38650628
1.5,0.8,1.6,0,-0.17308603999999989
0.2,1.4,1.0,0,-1.08040768
1.1,0.8,2.1,0,0.8070158800000001
2.3,0.1,1.8,0,0.29938848
0.2,0.6,2.3,0,0.4997961599999998
2.3,2.2,1.1,0,-2.5886465999999997
1.0,1.2,1.6,0,-0.1655605599999999
1.4,0.4,2.0,0,0.5845413599999999
1.3,2.2,1.2,0,-1.6633918000000003
0.8,1.0,2.6,0,1.66454136
0.1,1.9,0.4,0,-2.5505096
2.2,0.5,1.3,1,-4.436443359
0.1,0.5,0.7,1,-1.345876302
2.3,1.2,2.1,1,-2.9509450949999994
0.9,0.5,3.0,1,0.07962196200000013
1.9,1.5,2.9,1,-0.14663237799999998
1.4,2.5,2.7,1,-0.9481959629999989
3.0,0.8,0.3,1,-10.043883246
1.0,0.9,0.9,1,-3.881941623
0.6,1.6,2.8,1,-0.3148797740000002
2.1,0.3,3.0,1,0.13649479200000023
1.9,1.8,0.7,1,-8.299570529
2.6,2.0,2.0,1,-4.338384981999999
0.3,2.8,0.8,1,-6.643694226999998
2.8,0.8,2.4,1,-1.9552578119999997
1.5,1.1,2.4,1,-1.412130642
1.0,1.2,1.4,1,-3.394879774
2.1,1.2,2.1,1,-2.7823196609999994
0.8,1.6,3.0,1,0.13649479200000025
1.8,0.2,1.6,1,-2.6862543399999996
2.4,2.0,2.7,1,-1.0697595479999988
2.6,2.9,1.7,1,-6.837199435
3.0,2.8,3.0,1,0.32986241400000055
0.2,3.0,2.2,1,-2.378006943999999
1.3,2.2,1.0,1,-6.800945094999999
2.6,2.1,1.8,1,-5.372697699
2.1,0.4,2.0,1,-2.357817925
0.5,1.2,3.0,1,0.09668381100000016
2.9,0.1,1.9,1,-3.12938151
1.2,0.4,0.7,1,-3.5890034720000004
1.6,2.9,2.9,1,-0.19407226499999997
0.1,0.8,2.6,1,-0.3088144529999998
2.2,1.7,2.2,1,-2.898195962999999
2.5,1.5,1.8,1,-4.572508679999999
3.0,0.9,2.5,1,-1.7281959629999997
2.0,1.1,1.1,1,-5.7136942269999995
0.2,0.6,0.7,1,-1.7945017360000002
1.4,0.6,0.7,1,-4.48625434
2.6,1.9,0.6,1,-10.544072264999999
2.3,0.1,0.6,1,-5.623505207999999
1.8,1.8,1.9,1,-3.755257812
2.6,1.0,0.1,1,-10.235257812
2.0,2.2,0.8,1,-9.001134114
2.3,0.2,1.3,1,-4.107817925
0.9,2.1,2.5,1,-1.3293815099999997
2.6,2.5,1.6,1,-6.849948566999998
2.2,2.2,0.6,1,-10.309759548
0.5,0.5,2.0,1,-0.9431271699999999
0.1,0.9,1.1,1,-1.8431271699999998
2.1,1.7,0.2,1,-10.423883245999999
2.2,0.7,2.5,1,-1.285068793
0.3,0.7,0.6,1,-2.34312717
0.7,1.1,0.7,1,-4.037628906
2.7,2.4,2.4,1,-2.7699485669999997
1.3,0.5,3.0,1,0.10237109400000018
2.1,1.2,2.8,1,-0.4723196610000002
0.9,0.2,0.3,1,-2.9074398870000002
1.5,0.4,0.7,1,-4.261941623
0.1,2.0,1.0,1,-4.080567057
0.4,1.6,2.7,1,-0.48625433999999945
0.7,2.6,2.3,1,-2.122319661
2.1,2.9,0.9,1,-10.21563585
0.8,0.2,2.0,1,-0.9431271699999999
2.8,0.8,1.8,1,-4.115257811999999
1.8,2.3,0.3,1,-10.836821397
3.0,1.3,2.5,1,-1.9054468309999995
2.9,1.1,2.2,1,-2.972508679999999
1.1,0.1,0.9,1,-2.451752604
0.2,2.8,0.7,1,-6.7293815100000005
1.2,2.6,0.1,1,-10.803883245999998
0.4,1.3,1.1,1,-3.133316189
2.2,2.6,1.7,1,-5.967010416000001
0.8,0.3,2.9,1,-0.04743988699999999
1.1,3.0,0.7,1,-9.196821397
2.6,2.3,1.4,1,-7.561323133
2.5,0.7,2.8,1,-0.4580069440000003
0.6,2.0,0.4,1,-6.612130642
1.9,1.9,1.1,1,-7.003883245999999
2.4,1.0,1.7,1,-4.226632378
2.9,0.7,0.9,1,-7.355257812
0.7,0.9,2.3,1,-1.029003472
1.6,2.3,1.3,1,-6.408195962999999
2.7,2.9,1.2,1,-9.761512152
0.7,0.6,3.0,1,0.07393467900000011
2.2,3.0,1.4,1,-8.024261284
2.6,2.8,1.3,1,-8.872886718
2.0,2.3,0.3,1,-11.365446831
2.4,1.1,0.8,1,-7.500945094999999
1.6,3.0,1.2,1,-8.018384981999999
0.4,0.3,1.9,1,-0.730189019
1.4,2.9,2.8,1,-0.6154468310000003
1.9,1.0,0.9,1,-5.9250687929999994
1.7,1.1,1.4,1,-4.3207560759999994
1.6,2.2,0.9,1,-7.763883246000001
2.4,0.8,2.4,1,-1.738006944
0.8,1.9,1.8,1,-3.086443359
2.8,2.3,1.0,1,-9.909948566999999
1.7,1.0,0.1,1,-7.676443359
1.7,2.1,0.3,1,-10.043883246
0.6,2.1,1.2,1,-4.7064433590000005
3.0,2.3,2.5,1,-2.3485740009999994
2.0,0.7,0.9,2,-2.697283719
1.0,2.3,0.9,2,-3.2966801009999998
1.4,1.3,2.8,2,2.432716281
0.8,2.7,2.6,2,2.453521105
2.0,0.7,2.8,2,2.432716281
1.4,1.3,1.8,2,-0.267283719
0.3,1.2,2.2,2,0.4515090450000002
0.6,0.1,1.3,2,-0.419295779
2.2,1.7,1.0,2,-3.5060764830000006
1.6,2.7,2.6,2,3.014325929000001
2.0,0.2,2.8,2,1.9822132659999998
0.8,1.6,0.5,2,-3.3575855280000004
0.2,0.2,2.1,2,0.08040241200000003
1.2,1.6,2.3,2,1.1228168839999992
0.8,2.0,2.9,2,2.8028168839999994
2.7,2.3,2.6,2,3.5050301500000005
0.3,1.1,1.3,2,-0.8385915580000001
3.0,0.4,0.1,2,-6.116579497999999
2.5,1.4,2.9,2,3.9039235169999995
2.3,0.7,1.5,2,-1.19698191
0.1,2.2,0.7,2,-2.7576861310000007
0.1,0.3,2.9,2,0.400402412
0.1,1.5,1.5,2,-0.638390352
2.0,1.7,0.7,2,-4.436277689000001
0.3,1.9,2.2,2,0.6622132660000002
2.4,2.8,2.6,2,3.6452313559999996
2.1,1.2,1.1,2,-2.6366801009999996
0.8,2.4,1.1,2,-2.556780704
2.0,2.2,0.6,2,-5.455774674000001
0.7,0.5,2.3,2,0.4812072359999997
1.2,0.9,2.2,2,0.6321126630000004
0.1,2.9,0.5,2,-4.19698191
1.2,0.2,1.0,2,-1.258591558
2.1,2.7,0.6,2,-6.235171056000001
1.0,3.0,2.5,2,2.40402412
0.8,1.8,2.7,2,2.0826156780000002
0.1,2.2,0.4,2,-3.447686131
2.4,1.1,3.0,2,3.853521105
1.1,0.7,0.5,2,-2.518189146
3.0,0.1,1.9,2,0.0031186929999996284
2.2,2.8,0.2,2,-8.49496985
0.9,2.8,0.3,2,-5.916277688999999
0.5,0.1,2.8,2,0.5406036179999999
1.2,0.5,2.0,2,0.17171025099999995
2.1,0.1,2.3,2,0.8822132659999996
2.5,2.3,1.8,2,-0.4751710559999999
2.6,1.5,1.0,2,-3.6858752769999996
0.6,0.7,2.2,2,0.39130783900000016
2.6,0.6,0.8,2,-3.5167807040000003
0.5,1.7,0.7,2,-2.6377867340000005
1.0,2.5,1.7,2,-0.6964788950000003
1.6,1.2,1.8,2,-0.27718311599999995
0.7,0.3,0.1,2,-1.79899397
1.6,0.1,1.7,2,-0.33828974900000014
1.6,3.0,0.3,2,-7.3553722619999995
0.3,2.3,1.1,2,-2.0773843219999995
0.3,0.9,2.6,2,0.841207236
0.2,1.5,2.2,2,0.5117102510000002
1.7,0.7,2.1,2,0.4824144720000001
2.4,0.7,0.3,2,-4.956881307
2.8,1.4,2.4,2,2.104225325999999
0.7,2.4,2.5,2,1.8631186929999997
2.2,1.1,2.4,2,1.6533198989999998
0.4,2.9,1.1,2,-2.6366801009999996
2.3,0.4,1.8,2,-0.2672837189999999
2.4,1.0,2.2,2,1.0234205020000005
0.2,1.7,2.2,2,0.5719114570000002
1.8,1.8,0.7,2,-4.3163782920000004
1.2,0.5,1.2,2,-1.1882897490000002
1.7,2.9,3.0,2,5.0646277379999995
0.4,0.4,0.8,2,-0.8791951760000001
1.1,1.9,1.7,2,-0.5969819100000002
2.0,0.8,2.1,2,0.5628168840000001
2.5,0.2,0.9,2,-2.697283719
1.8,0.7,2.6,2,1.7525150750000003
0.5,1.1,1.8,2,-0.15839035199999998
0.4,2.6,1.9,2,0.0030180899999996402
1.1,1.8,2.1,2,0.5829174870000002
0.1,1.0,0.7,2,-1.3188933670000003
1.0,3.0,0.1,2,-7.19597588
2.5,1.4,0.5,2,-5.456076483
2.4,0.3,2.1,2,0.5427162810000001
1.8,0.2,1.0,2,-1.79798794
0.4,2.3,2.1,2,0.5427162810000001
2.3,1.4,1.9,2,0.003722310999999556
1.7,0.3,3.0,2,2.20201206
2.5,0.4,0.4,2,-4.347082512999999
2.2,2.5,1.3,2,-2.815271659
2.1,2.6,0.6,2,-6.105271659000001
2.3,1.8,0.1,2,-7.375875277
0.5,2.5,0.5,2,-4.19698191
2.1,2.2,2.1,2,0.8643259290000004
0.9,2.7,3.0,2,3.963621708
2.2,0.1,2.9,2,2.302313869
1.4,0.4,1.1,2,-1.4381891459999998
0.4,2.9,2.9,2,3.3033198989999994
1.0,1.4,2.5,2,1.4424144719999998
1.8,0.4,0.7,2,-2.6377867340000005
0.8,0.8,1.0,2,-1.438390352
1.6,1.0,2.5,2,1.562615678
